{
  "width": 200,
  "height": 200,
  "comps": [
    {
      "type": "shape",
      "background": "#4a8ce6",
      "shadowColor": "#1ABC9C",
      "points": [
        121.61875,
        81.4375,
        147.78125,
        46.2875,
        135.26875,
        12.2625,
        103.93125,
        3.2625,
        89.16875,
        -1,
        67.69375,
        11.6125,
        69.93125,
        31.625,
        71.99375,
        50.3875,
        89.75625,
        55.75,
        88.03125,
        75.55,
        95.55625,
        70.7375,
        108.33125,
        67.025,
        121.61875,
        81.4375,
        121.61875,
        81.4375,
        121.61875,
        81.4375
      ],
      "segments": [
        1,
        4,
        4,
        4,
        4,
        2,
        2
      ]
    },
    {
      "type": "shape",
      "background": "#4a8ce6",
      "shadowColor": "#1ABC9C",
      "points": [
        73.43125,
        90.85,
        29.89375,
        85.7875,
        6.70625,
        113.6625,
        14.55625,
        145.275,
        18.26875,
        160.1875,
        39.88125,
        172.5125,
        56.13125,
        160.55,
        71.33125,
        149.3875,
        67.11875,
        131.325,
        85.10625,
        122.9375,
        77.19375,
        118.75,
        67.60625,
        109.55,
        73.43125,
        90.85,
        73.43125,
        90.85,
        73.43125,
        90.85
      ],
      "segments": [
        1,
        4,
        4,
        4,
        4,
        2,
        2
      ]
    },
    {
      "type": "shape",
      "background": "#4a8ce6",
      "shadowColor": "#1ABC9C",
      "points": [
        105.66875,
        127.9125,
        123.00625,
        168.15,
        158.76875,
        174.3,
        182.24375,
        151.65,
        193.29375,
        141,
        193.15625,
        116.1,
        174.68125,
        108.05,
        157.39375,
        100.425,
        143.86875,
        113.15,
        127.60625,
        101.7625,
        127.95625,
        110.675,
        124.79375,
        123.575,
        105.66875,
        127.9125,
        105.66875,
        127.9125,
        105.66875,
        127.9125
      ],
      "segments": [
        1,
        4,
        4,
        4,
        4,
        2,
        2
      ]
    },
    {
      "type": "shape",
      "background": "#4a8ce6",
      "shadowColor": "#1ABC9C",
      "points": [
        84.56875,
        93.875,
        81.14375,
        102.55,
        85.38125,
        112.325,
        94.03125,
        115.7625,
        102.69375,
        119.175,
        112.48125,
        114.9375,
        115.88125,
        106.2625,
        119.33125,
        97.6125,
        115.06875,
        87.8,
        106.43125,
        84.3875,
        97.76875,
        80.9625,
        87.99375,
        85.2,
        84.56875,
        93.875,
        84.56875,
        93.875,
        84.56875,
        93.875
      ],
      "segments": [
        1,
        4,
        4,
        4,
        4,
        2,
        2
      ]
    }
  ]
}