{
  "width": 200,
  "height": 200,
  "comps": [
    {
      "type": "shape",
      "background": "#4a8ce6",
      "shadowColor": "#1ABC9C",
      "points": [
        100,
        91.66667,
        95.41667,
        91.66667,
        91.66667,
        95.41667,
        91.66667,
        100,
        91.66667,
        104.58333,
        95.41667,
        108.33333,
        100,
        108.33333,
        104.58333,
        108.33333,
        108.33333,
        104.58333,
        108.33333,
        100,
        108.33333,
        95.41667,
        104.58333,
        91.66667,
        100,
        91.66667,
        104.16667,
        16.66667,
        141.66667,
        16.66667,
        142.58333,
        46.41667,
        122.91667,
        56.25,
        114.66667,
        60.33333,
        111,
        69.08333,
        109.41667,
        76.83333,
        113.41667,
        78.5,
        116.91667,
        81.08333,
        119.58333,
        84.41667,
        150.41667,
        67.75,
        183.58333,
        74.33333,
        183.58333,
        104.16667,
        183.58333,
        141.66667,
        153.83333,
        142.5,
        144,
        122.75,
        139.83333,
        114.5,
        131,
        110.83333,
        123.25,
        109.25,
        121.58333,
        113.25,
        119,
        116.66667,
        115.66667,
        119.5,
        132.25,
        150.25,
        125.66667,
        183.33333,
        95.83333,
        183.33333,
        58.33333,
        183.33333,
        57.58333,
        153.5,
        77.25,
        143.66667,
        85.41667,
        139.58333,
        89.08333,
        130.91667,
        90.75,
        123.25,
        86.66667,
        121.58333,
        83.08333,
        118.91667,
        80.41667,
        115.58333,
        49.66667,
        132.08333,
        16.66667,
        125.58333,
        16.66667,
        95.83333,
        16.66667,
        58.33333,
        46.33333,
        57.41667,
        56.16667,
        77.16667,
        60.33333,
        85.41667,
        69.08333,
        89,
        76.83333,
        90.58333,
        78.41667,
        86.58333,
        81.08333,
        83.08333,
        84.5,
        80.41667,
        67.91667,
        49.66667,
        74.5,
        16.66667,
        104.16667,
        16.66667,
        104.16667,
        16.66667
      ],
      "segments": [
        1,
        4,
        4,
        4,
        4,
        1,
        4,
        4,
        4,
        4,
        4,
        4,
        4,
        4,
        4,
        4,
        4,
        4,
        4,
        4,
        4,
        4,
        2
      ]
    }
  ]
}