{
  "v": "6.2.1",
  "p": {
    "autoAdjustIndex": true,
    "hierarchicalRendering": true
  },
  "a": {
    "width": 1600,
    "height": 900
  },
  "d": [
    {
      "c": "ht.Node",
      "i": 61686,
      "p": {
        "position": {
          "x": 800,
          "y": 450
        },
        "width": 1600,
        "height": 900
      },
      "s": {
        "shape": "rect",
        "shape.background": "rgba(0,0,0,0.3)",
        "shape.border.width": 1,
        "shape.border.color": "#979797",
        "shape.gradient.color": "rgba(0,0,0,0)",
        "shape.gradient": "radial.center",
        "2d.selectable": false
      }
    },
    {
      "c": "ht.Node",
      "i": 61687,
      "p": {
        "displayName": "标注",
        "dataBindings": {
          "s": {}
        },
        "image": "标注.json",
        "host": {
          "__i": 61708
        },
        "position": {
          "x": 520.23992,
          "y": 362.88468
        }
      },
      "s": {
        "label": "传感器1",
        "label.color": "rgb(255,255,255)",
        "label.offset.y": -63,
        "2d.movable": false,
        "2d.editable": false,
        "select.color": "rgb(0,212,255)"
      }
    },
    {
      "c": "ht.Data",
      "i": 61691,
      "s": {
        "editor.folder": true
      }
    },
    {
      "c": "ht.Block",
      "i": 61692,
      "p": {
        "displayName": "块",
        "tag": "dialog",
        "position": {
          "x": 592.2639,
          "y": 357.4182
        },
        "anchor": {
          "x": 0,
          "y": 0.22238
        },
        "width": 241.5,
        "height": 303.21842,
        "clickThroughEnabled": true
      },
      "s": {
        "2d.visible": false,
        "pixelPerfect": false,
        "select.width": 0,
        "2d.movable": false
      }
    },
    {
      "c": "ht.Node",
      "i": 61693,
      "p": {
        "displayName": "bg",
        "parent": {
          "__i": 61692
        },
        "image": "bg.json",
        "position": {
          "x": 713.0139,
          "y": 443.20691
        },
        "width": 241.5,
        "height": 300
      }
    },
    {
      "c": "ht.Text",
      "i": 61694,
      "p": {
        "parent": {
          "__i": 61692
        },
        "tag": "sensorName",
        "dataBindings": {
          "s": {}
        },
        "position": {
          "x": 718.35269,
          "y": 319.43851
        },
        "scale": {
          "x": 1.5,
          "y": 1.5
        },
        "width": 150.7123,
        "height": 39.2667
      },
      "s": {
        "text": "传感器2",
        "text.align": "center",
        "text.color": "rgb(255,255,255)"
      }
    },
    {
      "c": "ht.Text",
      "i": 61695,
      "p": {
        "parent": {
          "__i": 61692
        },
        "position": {
          "x": 721.16619,
          "y": 374.18058
        },
        "scale": {
          "x": 1.5,
          "y": 1.5
        },
        "width": 136.38388,
        "height": 39.2667
      },
      "s": {
        "text": "水位值:",
        "text.color": "rgb(66,66,66)"
      }
    },
    {
      "c": "ht.Text",
      "i": 61696,
      "p": {
        "parent": {
          "__i": 61692
        },
        "tag": "waterDeep",
        "position": {
          "x": 707.84198,
          "y": 374.18058
        },
        "scale": {
          "x": 1.5,
          "y": 1.5
        },
        "width": 37.65335,
        "height": 39.2667
      },
      "s": {
        "text": "0.3",
        "text.align": "center",
        "text.color": "rgb(37,135,232)"
      }
    },
    {
      "c": "ht.Text",
      "i": 61697,
      "p": {
        "parent": {
          "__i": 61692
        },
        "position": {
          "x": 765.51117,
          "y": 374.18058
        },
        "scale": {
          "x": 1.5,
          "y": 1.5
        },
        "width": 47.69391,
        "height": 39.2667
      },
      "s": {
        "text": "米",
        "text.color": "rgb(66,66,66)"
      }
    },
    {
      "c": "ht.Text",
      "i": 61698,
      "p": {
        "parent": {
          "__i": 61692
        },
        "tag": "historyBtn",
        "position": {
          "x": 794.4705,
          "y": 374.18058
        },
        "scale": {
          "x": 1.5,
          "y": 1.5
        },
        "width": 38.64479,
        "height": 39.2667
      },
      "s": {
        "text": "历史",
        "text.align": "right",
        "text.color": "rgb(37,135,232)",
        "pixelPerfect": false,
        "select.color": "rgba(26,189,156,0)"
      }
    },
    {
      "c": "ht.Text",
      "i": 61699,
      "p": {
        "parent": {
          "__i": 61692
        },
        "position": {
          "x": 721.16619,
          "y": 404.23001
        },
        "scale": {
          "x": 1.5,
          "y": 1.5
        },
        "width": 136.38388,
        "height": 39.2667
      },
      "s": {
        "text": "时间:",
        "text.color": "rgb(66,66,66)"
      }
    },
    {
      "c": "ht.Text",
      "i": 61700,
      "p": {
        "parent": {
          "__i": 61692
        },
        "tag": "time",
        "position": {
          "x": 722.65008,
          "y": 428.9265
        },
        "scale": {
          "x": 1.5,
          "y": 1.5
        },
        "width": 144.98244,
        "height": 39.2667
      },
      "s": {
        "text": "yyyy-mm-dd   hh:mm:ss",
        "text.align": "center",
        "text.color": "rgb(66,66,66)"
      }
    },
    {
      "c": "ht.Text",
      "i": 61701,
      "p": {
        "parent": {
          "__i": 61692
        },
        "position": {
          "x": 721.16619,
          "y": 477.26448
        },
        "scale": {
          "x": 1.5,
          "y": 1.5
        },
        "width": 136.38388,
        "height": 39.2667
      },
      "s": {
        "text": "状态:",
        "text.color": "rgb(66,66,66)"
      }
    },
    {
      "c": "ht.Text",
      "i": 61702,
      "p": {
        "parent": {
          "__i": 61692
        },
        "position": {
          "x": 718.57961,
          "y": 477.26448
        },
        "scale": {
          "x": 1.5,
          "y": 1.5
        },
        "width": 36.92453,
        "height": 39.2667
      },
      "s": {
        "text": "在线",
        "text.align": "center",
        "text.color": "rgb(37,135,232)"
      }
    },
    {
      "c": "ht.Text",
      "i": 61703,
      "p": {
        "parent": {
          "__i": 61692
        },
        "position": {
          "x": 788.30025,
          "y": 477.26448
        },
        "scale": {
          "x": 1.5,
          "y": 1.5
        },
        "width": 36.92453,
        "height": 39.2667
      },
      "s": {
        "text": "离线",
        "text.align": "center",
        "text.color": "rgb(140,140,140)",
        "2d.visible": false
      }
    },
    {
      "c": "ht.Text",
      "i": 61704,
      "p": {
        "parent": {
          "__i": 61692
        },
        "position": {
          "x": 721.16619,
          "y": 525.60247
        },
        "scale": {
          "x": 1.5,
          "y": 1.5
        },
        "width": 136.38388,
        "height": 39.2667
      },
      "s": {
        "text": "设备编号： ",
        "text.color": "rgb(66,66,66)"
      }
    },
    {
      "c": "ht.Text",
      "i": 61705,
      "p": {
        "parent": {
          "__i": 61692
        },
        "position": {
          "x": 759.73612,
          "y": 525.60247
        },
        "scale": {
          "x": 1.5,
          "y": 1.5
        },
        "width": 84.9573,
        "height": 39.2667
      },
      "s": {
        "text": "001-02",
        "text.align": "right",
        "text.color": "rgb(37,135,232)"
      }
    },
    {
      "c": "ht.Text",
      "i": 61706,
      "p": {
        "parent": {
          "__i": 61692
        },
        "position": {
          "x": 721.16619,
          "y": 558.963
        },
        "scale": {
          "x": 1.5,
          "y": 1.5
        },
        "width": 136.38388,
        "height": 39.2667
      },
      "s": {
        "text": "区域:",
        "text.color": "rgb(66,66,66)"
      }
    },
    {
      "c": "ht.Text",
      "i": 61707,
      "p": {
        "parent": {
          "__i": 61692
        },
        "position": {
          "x": 759.73612,
          "y": 558.963
        },
        "scale": {
          "x": 1.5,
          "y": 1.5
        },
        "width": 84.9573,
        "height": 39.2667
      },
      "s": {
        "text": "户外水池01",
        "text.align": "right",
        "text.color": "rgb(37,135,232)"
      }
    },
    {
      "c": "ht.Node",
      "i": 61708,
      "p": {
        "tag": "sensorHost",
        "position": {
          "x": 126.71307,
          "y": 28.04306
        },
        "width": 1,
        "height": 14.54084
      },
      "s": {
        "shape": "rect",
        "shape.background": null,
        "shape.border.width": 1,
        "shape.border.color": "#979797",
        "2d.visible": false
      }
    },
    {
      "c": "ht.Block",
      "i": 61709,
      "p": {
        "tag": "history",
        "position": {
          "x": 858.5591,
          "y": 289.98849
        },
        "anchor": {
          "x": 0,
          "y": 0
        },
        "width": 299.86572,
        "height": 303.21842
      },
      "s": {
        "2d.visible": false,
        "2d.movable": false
      }
    },
    {
      "c": "ht.Node",
      "i": 61710,
      "p": {
        "displayName": "bg",
        "parent": {
          "__i": 61709
        },
        "image": "bg.json",
        "position": {
          "x": 1008.49196,
          "y": 443.20691
        },
        "scale": {
          "x": -1,
          "y": 1
        },
        "width": 299.86572,
        "height": 300
      }
    },
    {
      "c": "ht.Text",
      "i": 61711,
      "p": {
        "parent": {
          "__i": 61709
        },
        "position": {
          "x": 1000.66734,
          "y": 319.43851
        },
        "scale": {
          "x": 1.5,
          "y": 1.5
        },
        "width": 189.47765,
        "height": 39.2667
      },
      "s": {
        "text": "历史曲线图",
        "text.align": "center",
        "text.color": "rgb(255,255,255)"
      }
    },
    {
      "c": "ht.Text",
      "i": 61712,
      "p": {
        "parent": {
          "__i": 61709
        },
        "position": {
          "x": 876.74671,
          "y": 420.8525
        },
        "width": 28.38633,
        "height": 39.2667
      },
      "s": {
        "text": "2",
        "text.align": "right",
        "text.color": "rgb(140,140,140)"
      }
    },
    {
      "c": "ht.Text",
      "i": 61713,
      "p": {
        "parent": {
          "__i": 61709
        },
        "position": {
          "x": 876.74671,
          "y": 454.4025
        },
        "width": 28.38633,
        "height": 39.2667
      },
      "s": {
        "text": "1.5",
        "text.align": "right",
        "text.color": "rgb(140,140,140)"
      }
    },
    {
      "c": "ht.Text",
      "i": 61714,
      "p": {
        "parent": {
          "__i": 61709
        },
        "position": {
          "x": 876.74671,
          "y": 487.9525
        },
        "width": 28.38633,
        "height": 39.2667
      },
      "s": {
        "text": "1",
        "text.align": "right",
        "text.color": "rgb(140,140,140)"
      }
    },
    {
      "c": "ht.Text",
      "i": 61715,
      "p": {
        "parent": {
          "__i": 61709
        },
        "position": {
          "x": 876.74671,
          "y": 521.5025
        },
        "width": 28.38633,
        "height": 39.2667
      },
      "s": {
        "text": "0.5",
        "text.align": "right",
        "text.color": "rgb(140,140,140)"
      }
    },
    {
      "c": "ht.Text",
      "i": 61716,
      "p": {
        "parent": {
          "__i": 61709
        },
        "position": {
          "x": 876.74671,
          "y": 555.05249
        },
        "width": 28.38633,
        "height": 39.2667
      },
      "s": {
        "text": "0",
        "text.align": "right",
        "text.color": "rgb(140,140,140)"
      }
    },
    {
      "c": "ht.Text",
      "i": 61717,
      "p": {
        "parent": {
          "__i": 61709
        },
        "position": {
          "x": 931.75625,
          "y": 571.95169
        },
        "width": 59.39075,
        "height": 33.79839
      },
      "s": {
        "text": "13:00",
        "text.align": "center",
        "text.color": "rgb(140,140,140)"
      }
    },
    {
      "c": "ht.Text",
      "i": 61718,
      "p": {
        "parent": {
          "__i": 61709
        },
        "position": {
          "x": 991.147,
          "y": 571.95169
        },
        "width": 59.39075,
        "height": 33.79839
      },
      "s": {
        "text": "14:00",
        "text.align": "center",
        "text.color": "rgb(140,140,140)"
      }
    },
    {
      "c": "ht.Text",
      "i": 61719,
      "p": {
        "parent": {
          "__i": 61709
        },
        "position": {
          "x": 1043.39726,
          "y": 571.95169
        },
        "width": 59.39075,
        "height": 33.79839
      },
      "s": {
        "text": "15:00",
        "text.align": "center",
        "text.color": "rgb(140,140,140)"
      }
    },
    {
      "c": "ht.Text",
      "i": 61720,
      "p": {
        "parent": {
          "__i": 61709
        },
        "position": {
          "x": 1095.36647,
          "y": 571.95169
        },
        "width": 59.39075,
        "height": 33.79839
      },
      "s": {
        "text": "16:00",
        "text.align": "center",
        "text.color": "rgb(140,140,140)"
      }
    },
    {
      "c": "ht.Text",
      "i": 61721,
      "p": {
        "parent": {
          "__i": 61709
        },
        "position": {
          "x": 931.75625,
          "y": 511.68582
        },
        "width": 59.39075,
        "height": 19.63335
      },
      "s": {
        "text": "0.5",
        "text.align": "center",
        "text.color": "rgb(37,135,232)"
      }
    },
    {
      "c": "ht.Text",
      "i": 61722,
      "p": {
        "parent": {
          "__i": 61709
        },
        "position": {
          "x": 991.147,
          "y": 430.66918
        },
        "width": 59.39075,
        "height": 19.63335
      },
      "s": {
        "text": "1.8",
        "text.align": "center",
        "text.color": "rgb(37,135,232)"
      }
    },
    {
      "c": "ht.Text",
      "i": 61723,
      "p": {
        "parent": {
          "__i": 61709
        },
        "position": {
          "x": 1043.25673,
          "y": 444.58583
        },
        "width": 59.39075,
        "height": 19.63335
      },
      "s": {
        "text": "1.5 ",
        "text.align": "center",
        "text.color": "rgb(37,135,232)"
      }
    },
    {
      "c": "ht.Text",
      "i": 61724,
      "p": {
        "parent": {
          "__i": 61709
        },
        "position": {
          "x": 1094.70674,
          "y": 472.43786
        },
        "width": 59.39075,
        "height": 19.63335
      },
      "s": {
        "text": "1.1",
        "text.align": "center",
        "text.color": "rgb(37,135,232)"
      }
    },
    {
      "c": "ht.Shape",
      "i": 61725,
      "p": {
        "parent": {
          "__i": 61709
        },
        "rotation": -1.5708,
        "position": {
          "x": 1011.28366,
          "y": 482.25454
        },
        "width": 145.5951,
        "height": 227.55583,
        "segments": {
          "__a": [
            1,
            2,
            2
          ]
        },
        "points": {
          "__a": [
            {
              "x": 938.48612,
              "y": 596.03246
            },
            {
              "x": 938.48663,
              "y": 368.47663
            },
            {
              "x": 1084.08121,
              "y": 368.47747
            }
          ]
        }
      },
      "s": {
        "type": "shape",
        "opacity": 1,
        "shape.background": null,
        "shape.border.width": 1,
        "shape.border.color": "rgb(37,135,232)",
        "shape.border.cap": "square",
        "shape.dash.pattern": [
          16,
          16
        ]
      }
    },
    {
      "c": "ht.Block",
      "i": 61726,
      "p": {
        "parent": {
          "__i": 61709
        },
        "position": {
          "x": 1065.01136,
          "y": 374.18058
        },
        "width": 113.0388,
        "height": 39.2667
      }
    },
    {
      "c": "ht.Node",
      "i": 61727,
      "p": {
        "parent": {
          "__i": 61726
        },
        "position": {
          "x": 1065.01136,
          "y": 374.18058
        },
        "width": 113.0388,
        "height": 27
      },
      "s": {
        "shape": "rect",
        "shape.background": "rgb(255,255,255)",
        "shape.border.width": 1,
        "shape.border.color": "rgb(140,140,140)"
      }
    },
    {
      "c": "ht.Text",
      "i": 61728,
      "p": {
        "parent": {
          "__i": 61726
        },
        "position": {
          "x": 1067.05305,
          "y": 374.18058
        },
        "width": 106.70233,
        "height": 39.2667
      },
      "s": {
        "text": "结束",
        "text.color": "rgb(140,140,140)"
      }
    },
    {
      "c": "ht.Shape",
      "i": 61729,
      "p": {
        "parent": {
          "__i": 61726
        },
        "position": {
          "x": 1099.192,
          "y": 374.18058
        },
        "width": 18.42279,
        "height": 17.27136,
        "segments": {
          "__a": [
            1,
            2,
            2,
            2,
            2,
            1,
            2,
            2,
            2,
            2,
            1,
            2,
            2,
            2,
            2,
            1,
            2,
            2,
            2,
            2,
            1,
            2,
            2,
            2,
            2,
            1,
            2,
            2,
            2,
            2,
            1,
            2,
            2,
            2,
            2,
            1,
            2,
            2,
            2,
            2,
            1,
            2,
            2,
            2,
            2,
            1,
            2,
            2,
            2,
            2,
            1,
            2,
            2,
            2,
            2,
            1,
            2,
            2,
            2,
            2,
            1,
            2,
            2,
            2,
            2,
            1,
            2,
            2,
            2,
            2,
            1,
            2,
            2,
            2,
            2,
            2,
            2,
            2,
            2,
            2,
            2,
            2,
            2,
            1,
            2,
            2,
            2,
            2,
            2,
            2,
            2,
            2,
            2,
            2,
            2,
            2,
            1,
            2,
            2,
            2,
            2
          ]
        },
        "points": {
          "__a": [
            {
              "x": 1096.88916,
              "y": 373.60487
            },
            {
              "x": 1096.88916,
              "y": 372.45344
            },
            {
              "x": 1098.04058,
              "y": 372.45344
            },
            {
              "x": 1098.04058,
              "y": 373.60487
            },
            {
              "x": 1096.88916,
              "y": 373.60487
            },
            {
              "x": 1100.34343,
              "y": 380.51341
            },
            {
              "x": 1100.34343,
              "y": 379.36199
            },
            {
              "x": 1101.49485,
              "y": 379.36199
            },
            {
              "x": 1101.49485,
              "y": 380.51341
            },
            {
              "x": 1100.34343,
              "y": 380.51341
            },
            {
              "x": 1103.7977,
              "y": 373.60487
            },
            {
              "x": 1103.7977,
              "y": 372.45344
            },
            {
              "x": 1104.94913,
              "y": 372.45344
            },
            {
              "x": 1104.94913,
              "y": 373.60487
            },
            {
              "x": 1103.7977,
              "y": 373.60487
            },
            {
              "x": 1100.34343,
              "y": 373.60487
            },
            {
              "x": 1100.34343,
              "y": 372.45344
            },
            {
              "x": 1101.49485,
              "y": 372.45344
            },
            {
              "x": 1101.49485,
              "y": 373.60487
            },
            {
              "x": 1100.34343,
              "y": 373.60487
            },
            {
              "x": 1096.88916,
              "y": 375.90772
            },
            {
              "x": 1096.88916,
              "y": 374.75629
            },
            {
              "x": 1098.04058,
              "y": 374.75629
            },
            {
              "x": 1098.04058,
              "y": 375.90772
            },
            {
              "x": 1096.88916,
              "y": 375.90772
            },
            {
              "x": 1093.43488,
              "y": 375.90772
            },
            {
              "x": 1093.43488,
              "y": 374.75629
            },
            {
              "x": 1094.58631,
              "y": 374.75629
            },
            {
              "x": 1094.58631,
              "y": 375.90772
            },
            {
              "x": 1093.43488,
              "y": 375.90772
            },
            {
              "x": 1103.7977,
              "y": 375.90772
            },
            {
              "x": 1103.7977,
              "y": 374.75629
            },
            {
              "x": 1104.94913,
              "y": 374.75629
            },
            {
              "x": 1104.94913,
              "y": 375.90772
            },
            {
              "x": 1103.7977,
              "y": 375.90772
            },
            {
              "x": 1100.34343,
              "y": 375.90772
            },
            {
              "x": 1100.34343,
              "y": 374.75629
            },
            {
              "x": 1101.49485,
              "y": 374.75629
            },
            {
              "x": 1101.49485,
              "y": 375.90772
            },
            {
              "x": 1100.34343,
              "y": 375.90772
            },
            {
              "x": 1096.88916,
              "y": 378.21056
            },
            {
              "x": 1096.88916,
              "y": 377.05914
            },
            {
              "x": 1098.04058,
              "y": 377.05914
            },
            {
              "x": 1098.04058,
              "y": 378.21056
            },
            {
              "x": 1096.88916,
              "y": 378.21056
            },
            {
              "x": 1093.43488,
              "y": 378.21056
            },
            {
              "x": 1093.43488,
              "y": 377.05914
            },
            {
              "x": 1094.58631,
              "y": 377.05914
            },
            {
              "x": 1094.58631,
              "y": 378.21056
            },
            {
              "x": 1093.43488,
              "y": 378.21056
            },
            {
              "x": 1103.7977,
              "y": 378.21056
            },
            {
              "x": 1103.7977,
              "y": 377.05914
            },
            {
              "x": 1104.94913,
              "y": 377.05914
            },
            {
              "x": 1104.94913,
              "y": 378.21056
            },
            {
              "x": 1103.7977,
              "y": 378.21056
            },
            {
              "x": 1100.34343,
              "y": 378.21056
            },
            {
              "x": 1100.34343,
              "y": 377.05914
            },
            {
              "x": 1101.49485,
              "y": 377.05914
            },
            {
              "x": 1101.49485,
              "y": 378.21056
            },
            {
              "x": 1100.34343,
              "y": 378.21056
            },
            {
              "x": 1096.88916,
              "y": 380.51341
            },
            {
              "x": 1096.88916,
              "y": 379.36199
            },
            {
              "x": 1098.04058,
              "y": 379.36199
            },
            {
              "x": 1098.04058,
              "y": 380.51341
            },
            {
              "x": 1096.88916,
              "y": 380.51341
            },
            {
              "x": 1093.43488,
              "y": 380.51341
            },
            {
              "x": 1093.43488,
              "y": 379.36199
            },
            {
              "x": 1094.58631,
              "y": 379.36199
            },
            {
              "x": 1094.58631,
              "y": 380.51341
            },
            {
              "x": 1093.43488,
              "y": 380.51341
            },
            {
              "x": 1104.94913,
              "y": 366.69632
            },
            {
              "x": 1108.4034,
              "y": 366.69632
            },
            {
              "x": 1108.4034,
              "y": 382.81626
            },
            {
              "x": 1089.98061,
              "y": 382.81626
            },
            {
              "x": 1089.98061,
              "y": 366.69632
            },
            {
              "x": 1093.43488,
              "y": 366.69632
            },
            {
              "x": 1093.43488,
              "y": 365.5449
            },
            {
              "x": 1094.58631,
              "y": 365.5449
            },
            {
              "x": 1094.58631,
              "y": 366.69632
            },
            {
              "x": 1103.7977,
              "y": 366.69632
            },
            {
              "x": 1103.7977,
              "y": 365.5449
            },
            {
              "x": 1104.94913,
              "y": 365.5449
            },
            {
              "x": 1104.94913,
              "y": 366.69632
            },
            {
              "x": 1093.43488,
              "y": 367.84775
            },
            {
              "x": 1091.13203,
              "y": 367.84775
            },
            {
              "x": 1091.13203,
              "y": 370.15059
            },
            {
              "x": 1107.25197,
              "y": 370.15059
            },
            {
              "x": 1107.25197,
              "y": 367.84775
            },
            {
              "x": 1104.94913,
              "y": 367.84775
            },
            {
              "x": 1104.94913,
              "y": 368.99917
            },
            {
              "x": 1103.7977,
              "y": 368.99917
            },
            {
              "x": 1103.7977,
              "y": 367.84775
            },
            {
              "x": 1094.58631,
              "y": 367.84775
            },
            {
              "x": 1094.58631,
              "y": 368.99917
            },
            {
              "x": 1093.43488,
              "y": 368.99917
            },
            {
              "x": 1093.43488,
              "y": 367.84775
            },
            {
              "x": 1091.13203,
              "y": 381.66484
            },
            {
              "x": 1107.25197,
              "y": 381.66484
            },
            {
              "x": 1107.25197,
              "y": 371.30202
            },
            {
              "x": 1091.13203,
              "y": 371.30202
            },
            {
              "x": 1091.13203,
              "y": 381.66484
            }
          ]
        }
      },
      "s": {
        "type": "shape",
        "opacity": 1,
        "shape.background": "rgb(140,140,140)",
        "shape.border.color": null,
        "shape.dash.pattern": [
          16,
          16
        ]
      }
    },
    {
      "c": "ht.Block",
      "i": 61730,
      "p": {
        "parent": {
          "__i": 61709
        },
        "position": {
          "x": 932.13045,
          "y": 374.18058
        },
        "width": 114.74686,
        "height": 39.2667
      }
    },
    {
      "c": "ht.Node",
      "i": 61731,
      "p": {
        "parent": {
          "__i": 61730
        },
        "position": {
          "x": 931.27642,
          "y": 374.18058
        },
        "width": 113.0388,
        "height": 27
      },
      "s": {
        "shape": "rect",
        "shape.background": "rgb(255,255,255)",
        "shape.border.width": 1,
        "shape.border.color": "rgb(140,140,140)"
      }
    },
    {
      "c": "ht.Text",
      "i": 61732,
      "p": {
        "parent": {
          "__i": 61730
        },
        "position": {
          "x": 934.73378,
          "y": 374.18058
        },
        "width": 109.54019,
        "height": 39.2667
      },
      "s": {
        "text": "开始",
        "text.color": "rgb(140,140,140)"
      }
    },
    {
      "c": "ht.Shape",
      "i": 61733,
      "p": {
        "parent": {
          "__i": 61730
        },
        "position": {
          "x": 965.45706,
          "y": 374.18058
        },
        "width": 18.42279,
        "height": 17.27136,
        "segments": {
          "__a": [
            1,
            2,
            2,
            2,
            2,
            1,
            2,
            2,
            2,
            2,
            1,
            2,
            2,
            2,
            2,
            1,
            2,
            2,
            2,
            2,
            1,
            2,
            2,
            2,
            2,
            1,
            2,
            2,
            2,
            2,
            1,
            2,
            2,
            2,
            2,
            1,
            2,
            2,
            2,
            2,
            1,
            2,
            2,
            2,
            2,
            1,
            2,
            2,
            2,
            2,
            1,
            2,
            2,
            2,
            2,
            1,
            2,
            2,
            2,
            2,
            1,
            2,
            2,
            2,
            2,
            1,
            2,
            2,
            2,
            2,
            1,
            2,
            2,
            2,
            2,
            2,
            2,
            2,
            2,
            2,
            2,
            2,
            2,
            1,
            2,
            2,
            2,
            2,
            2,
            2,
            2,
            2,
            2,
            2,
            2,
            2,
            1,
            2,
            2,
            2,
            2
          ]
        },
        "points": {
          "__a": [
            {
              "x": 963.15421,
              "y": 373.60487
            },
            {
              "x": 963.15421,
              "y": 372.45344
            },
            {
              "x": 964.30563,
              "y": 372.45344
            },
            {
              "x": 964.30563,
              "y": 373.60487
            },
            {
              "x": 963.15421,
              "y": 373.60487
            },
            {
              "x": 966.60848,
              "y": 380.51341
            },
            {
              "x": 966.60848,
              "y": 379.36199
            },
            {
              "x": 967.75991,
              "y": 379.36199
            },
            {
              "x": 967.75991,
              "y": 380.51341
            },
            {
              "x": 966.60848,
              "y": 380.51341
            },
            {
              "x": 970.06276,
              "y": 373.60487
            },
            {
              "x": 970.06276,
              "y": 372.45344
            },
            {
              "x": 971.21418,
              "y": 372.45344
            },
            {
              "x": 971.21418,
              "y": 373.60487
            },
            {
              "x": 970.06276,
              "y": 373.60487
            },
            {
              "x": 966.60848,
              "y": 373.60487
            },
            {
              "x": 966.60848,
              "y": 372.45344
            },
            {
              "x": 967.75991,
              "y": 372.45344
            },
            {
              "x": 967.75991,
              "y": 373.60487
            },
            {
              "x": 966.60848,
              "y": 373.60487
            },
            {
              "x": 963.15421,
              "y": 375.90772
            },
            {
              "x": 963.15421,
              "y": 374.75629
            },
            {
              "x": 964.30563,
              "y": 374.75629
            },
            {
              "x": 964.30563,
              "y": 375.90772
            },
            {
              "x": 963.15421,
              "y": 375.90772
            },
            {
              "x": 959.69994,
              "y": 375.90772
            },
            {
              "x": 959.69994,
              "y": 374.75629
            },
            {
              "x": 960.85136,
              "y": 374.75629
            },
            {
              "x": 960.85136,
              "y": 375.90772
            },
            {
              "x": 959.69994,
              "y": 375.90772
            },
            {
              "x": 970.06276,
              "y": 375.90772
            },
            {
              "x": 970.06276,
              "y": 374.75629
            },
            {
              "x": 971.21418,
              "y": 374.75629
            },
            {
              "x": 971.21418,
              "y": 375.90772
            },
            {
              "x": 970.06276,
              "y": 375.90772
            },
            {
              "x": 966.60848,
              "y": 375.90772
            },
            {
              "x": 966.60848,
              "y": 374.75629
            },
            {
              "x": 967.75991,
              "y": 374.75629
            },
            {
              "x": 967.75991,
              "y": 375.90772
            },
            {
              "x": 966.60848,
              "y": 375.90772
            },
            {
              "x": 963.15421,
              "y": 378.21056
            },
            {
              "x": 963.15421,
              "y": 377.05914
            },
            {
              "x": 964.30563,
              "y": 377.05914
            },
            {
              "x": 964.30563,
              "y": 378.21056
            },
            {
              "x": 963.15421,
              "y": 378.21056
            },
            {
              "x": 959.69994,
              "y": 378.21056
            },
            {
              "x": 959.69994,
              "y": 377.05914
            },
            {
              "x": 960.85136,
              "y": 377.05914
            },
            {
              "x": 960.85136,
              "y": 378.21056
            },
            {
              "x": 959.69994,
              "y": 378.21056
            },
            {
              "x": 970.06276,
              "y": 378.21056
            },
            {
              "x": 970.06276,
              "y": 377.05914
            },
            {
              "x": 971.21418,
              "y": 377.05914
            },
            {
              "x": 971.21418,
              "y": 378.21056
            },
            {
              "x": 970.06276,
              "y": 378.21056
            },
            {
              "x": 966.60848,
              "y": 378.21056
            },
            {
              "x": 966.60848,
              "y": 377.05914
            },
            {
              "x": 967.75991,
              "y": 377.05914
            },
            {
              "x": 967.75991,
              "y": 378.21056
            },
            {
              "x": 966.60848,
              "y": 378.21056
            },
            {
              "x": 963.15421,
              "y": 380.51341
            },
            {
              "x": 963.15421,
              "y": 379.36199
            },
            {
              "x": 964.30563,
              "y": 379.36199
            },
            {
              "x": 964.30563,
              "y": 380.51341
            },
            {
              "x": 963.15421,
              "y": 380.51341
            },
            {
              "x": 959.69994,
              "y": 380.51341
            },
            {
              "x": 959.69994,
              "y": 379.36199
            },
            {
              "x": 960.85136,
              "y": 379.36199
            },
            {
              "x": 960.85136,
              "y": 380.51341
            },
            {
              "x": 959.69994,
              "y": 380.51341
            },
            {
              "x": 971.21418,
              "y": 366.69632
            },
            {
              "x": 974.66845,
              "y": 366.69632
            },
            {
              "x": 974.66845,
              "y": 382.81626
            },
            {
              "x": 956.24566,
              "y": 382.81626
            },
            {
              "x": 956.24566,
              "y": 366.69632
            },
            {
              "x": 959.69994,
              "y": 366.69632
            },
            {
              "x": 959.69994,
              "y": 365.5449
            },
            {
              "x": 960.85136,
              "y": 365.5449
            },
            {
              "x": 960.85136,
              "y": 366.69632
            },
            {
              "x": 970.06276,
              "y": 366.69632
            },
            {
              "x": 970.06276,
              "y": 365.5449
            },
            {
              "x": 971.21418,
              "y": 365.5449
            },
            {
              "x": 971.21418,
              "y": 366.69632
            },
            {
              "x": 959.69994,
              "y": 367.84775
            },
            {
              "x": 957.39709,
              "y": 367.84775
            },
            {
              "x": 957.39709,
              "y": 370.15059
            },
            {
              "x": 973.51703,
              "y": 370.15059
            },
            {
              "x": 973.51703,
              "y": 367.84775
            },
            {
              "x": 971.21418,
              "y": 367.84775
            },
            {
              "x": 971.21418,
              "y": 368.99917
            },
            {
              "x": 970.06276,
              "y": 368.99917
            },
            {
              "x": 970.06276,
              "y": 367.84775
            },
            {
              "x": 960.85136,
              "y": 367.84775
            },
            {
              "x": 960.85136,
              "y": 368.99917
            },
            {
              "x": 959.69994,
              "y": 368.99917
            },
            {
              "x": 959.69994,
              "y": 367.84775
            },
            {
              "x": 957.39709,
              "y": 381.66484
            },
            {
              "x": 973.51703,
              "y": 381.66484
            },
            {
              "x": 973.51703,
              "y": 371.30202
            },
            {
              "x": 957.39709,
              "y": 371.30202
            },
            {
              "x": 957.39709,
              "y": 381.66484
            }
          ]
        }
      },
      "s": {
        "type": "shape",
        "opacity": 1,
        "shape.background": "rgb(140,140,140)",
        "shape.border.color": null,
        "shape.dash.pattern": [
          16,
          16
        ]
      }
    },
    {
      "c": "ht.Node",
      "i": 61734,
      "p": {
        "parent": {
          "__i": 61709
        },
        "position": {
          "x": 931.75625,
          "y": 538.27749
        },
        "width": 16,
        "height": 33
      },
      "s": {
        "shape": "rect",
        "shape.background": "rgb(37,135,232)",
        "shape.border.color": "rgb(37,135,232)"
      }
    },
    {
      "c": "ht.Node",
      "i": 61735,
      "p": {
        "parent": {
          "__i": 61709
        },
        "position": {
          "x": 991.147,
          "y": 497.76917
        },
        "width": 16,
        "height": 114.56664
      },
      "s": {
        "shape": "rect",
        "shape.background": "rgb(37,135,232)",
        "shape.border.color": "rgb(37,135,232)"
      }
    },
    {
      "c": "ht.Node",
      "i": 61736,
      "p": {
        "parent": {
          "__i": 61709
        },
        "position": {
          "x": 1043.39726,
          "y": 504.7275
        },
        "width": 16,
        "height": 100.64999
      },
      "s": {
        "shape": "rect",
        "shape.background": "rgb(37,135,232)",
        "shape.border.color": "rgb(37,135,232)"
      }
    },
    {
      "c": "ht.Node",
      "i": 61737,
      "p": {
        "parent": {
          "__i": 61709
        },
        "position": {
          "x": 1095.36647,
          "y": 518.65351
        },
        "width": 16,
        "height": 72.79796
      },
      "s": {
        "shape": "rect",
        "shape.background": "rgb(37,135,232)",
        "shape.border.color": "rgb(37,135,232)"
      }
    }
  ]
}